Precio_Real,Prediccion_Regresion_Lineal,Prediccion_Arbol_Decision,Error_Regresion,Error_Arbol
5000000,5708782.554988046,4401707.894736842,708782.5549880462,598292.1052631577
5500000,16256552.264631419,7280596.323529412,10756552.264631419,1780596.323529412
4500000,20533626.689628392,11063636.363636363,16033626.689628392,6563636.363636363
4000000,28516501.23781809,46288733.333333336,24516501.23781809,42288733.333333336
6700000,9678985.482229624,5747871.917808219,2978985.482229624,952128.0821917811
5700000,11172624.622832295,5794000.0,5472624.622832295,94000.0
4320000,-1937288.271436179,4565951.923076923,6257288.271436179,245951.923076923
15750000,8914969.087442743,9988214.285714285,6835030.912557257,5761785.714285715
3360000,6123555.553812686,5747871.917808219,2763555.5538126864,2387871.917808219
4100000,-558659.7080173716,4955925.925925926,4658659.708017372,855925.9259259263
1050000,16880877.718889497,1050000.0,15830877.718889497,0.0
5300000,3405323.3224301077,4254761.904761905,1894676.6775698923,1045238.0952380951
4575000,4615073.604051847,4363793.1034482755,40073.60405184701,211206.89655172452
3850000,5142695.148342438,3927813.524590164,1292695.148342438,77813.52459016396
6000000,10092895.823217679,6390304.966887417,4092895.823217679,390304.96688741725
13000000,11212666.03377752,10354388.888888888,1787333.96622248,2645611.111111112
5700000,21893651.068743505,11063636.363636363,16193651.068743505,5363636.363636363
13000000,11849220.724800572,15222950.0,1150779.2751994282,2222950.0
13800000,16715015.769802444,10503833.333333334,2915015.7698024437,3296166.666666666
13200000,14071054.416526027,7459825.0,871054.416526027,5740175.0
5500000,14438998.4028533,7459825.0,8938998.4028533,1959825.0
5520000,6576307.297246309,5418545.454545454,1056307.297246309,101454.54545454588
4025000,5110600.399327019,3927813.524590164,1085600.3993270192,97186.47540983604
3750000,5127615.517448457,3927813.524590164,1377615.517448457,177813.52459016396
20000000,13482406.028822783,20000000.0,6517593.971177217,0.0
11000000,12776152.660918439,12566935.483870968,1776152.6609184388,1566935.4838709682
7507500,10414102.268980745,8741246.551724138,2906602.268980745,1233746.5517241377
3000000,5291960.236980474,3455040.0,2291960.2369804736,455040.0
15500000,18462005.67508564,3814605.0,2962005.6750856414,11685395.0
13000000,12023242.880469885,15222950.0,976757.1195301153,2222950.0
101500000,12152722.951734621,32928571.42857143,89347277.04826538,68571428.57142857
12000000,7580374.825599171,3814605.0,4419625.174400829,8185395.0
16500000,23179901.670838155,21123500.0,6679901.670838155,4623500.0
29000000,17862271.076323148,29000000.0,11137728.923676852,0.0
4838400,9644253.319740798,5747871.917808219,4805853.319740798,909471.9178082189
15000000,21844094.05650086,22075941.860465117,6844094.05650086,7075941.860465117
4600000,7269551.993717084,4955925.925925926,2669551.9937170837,355925.9259259263
3120000,5302169.3078533355,3455040.0,2182169.3078533355,335040.0
6500000,7065250.613539149,7594594.594594595,565250.613539149,1094594.594594595
147000000,28370721.92406446,350000000.0,118629278.07593554,203000000.0
3225000,4286965.560088325,2984000.0,1061965.5600883253,241000.0
6720000,8118242.981134719,4955925.925925926,1398242.9811347192,1764074.0740740737
14000000,14982047.748909693,12566935.483870968,982047.7489096932,1433064.5161290318
7200000,15338820.155402385,8650658.028169014,8138820.155402385,1450658.0281690136
7625000,7065250.613539149,7594594.594594595,559749.386460851,30405.405405404978
120000000,41086442.58993373,120000000.0,78913557.41006628,0.0
2750000,4280159.512839749,2984000.0,1530159.5128397495,234000.0
4200000,9317390.971846256,4401707.894736842,5117390.971846256,201707.89473684225
3800000,4502839.55501999,4565951.923076923,702839.5550199896,765951.923076923
4500000,13100623.782167446,5418545.454545454,8600623.782167446,918545.4545454541
5510000,10055627.993896464,5786548.148148148,4545627.993896464,276548.1481481483
3700000,3113365.216987297,4254761.904761905,586634.7830127031,554761.9047619049
11500000,13517259.842171904,8364915.730337079,2017259.8421719037,3135084.2696629213
7393750,8805593.814093437,6390304.966887417,1411843.814093437,1003445.0331125828
15750000,16440806.166532114,20336875.0,690806.1665321141,4586875.0
47500000,25973887.72072003,47500000.0,21526112.27927997,0.0
7700000,7618824.356897542,7814270.9677419355,81175.64310245775,114270.96774193551
22000000,25256161.76224059,22075941.860465117,3256161.7622405887,75941.8604651168
4500000,20210514.403424896,7820000.0,15710514.403424896,3320000.0
5500000,14453668.25681482,5124119.5121951215,8953668.25681482,375880.4878048785
4575000,4615073.604051847,4363793.1034482755,40073.60405184701,211206.89655172452
8500000,10520788.914830323,10503833.333333334,2020788.9148303233,2003833.333333334
11200000,12355113.633167999,10503833.333333334,1155113.6331679989,696166.666666666
4575000,4615073.604051847,4363793.1034482755,40073.60405184701,211206.89655172452
9500000,10195404.52269784,9011400.0,695404.5226978399,488600.0
2340000,4889645.387152273,2984000.0,2549645.387152273,644000.0
4800000,6467644.516684411,4017959.302325581,1667644.516684411,782040.6976744188
8800000,18464067.292649046,7280596.323529412,9664067.292649046,1519403.676470588
3500000,10161224.061869394,2935000.0,6661224.061869394,565000.0
55000000,25302075.04626493,54166666.666666664,29697924.95373507,833333.3333333358
11000000,9064467.121127203,7459825.0,1935532.878872797,3540175.0
4904000,6458227.729407338,6390304.966887417,1554227.7294073384,1486304.9668874172
4000000,9544535.08553884,5124119.5121951215,5544535.08553884,1124119.5121951215
7625000,7065250.613539149,7594594.594594595,559749.386460851,30405.405405404978
3400000,11172624.622832295,5794000.0,7772624.622832295,2394000.0
7800000,13130404.937267762,7628269.230769231,5330404.937267762,171730.76923076902
7700000,7456415.124592984,7814270.9677419355,243584.8754070159,114270.96774193551
4575000,4615073.604051847,4363793.1034482755,40073.60405184701,211206.89655172452
3300000,3631708.8434378505,6632333.333333333,331708.8434378505,3332333.333333333
4960000,4648642.190220099,5278346.391752577,311357.80977990106,318346.3917525774
4575000,4615073.604051847,4363793.1034482755,40073.60405184701,211206.89655172452
3850000,5142695.148342438,3927813.524590164,1292695.148342438,77813.52459016396
4320000,-823505.3787300624,4955925.925925926,5143505.378730062,635925.9259259263
12100000,8486846.266986042,12418222.222222222,3613153.7330139577,318222.222222222
10500000,24493710.68320975,21123500.0,13993710.68320975,10623500.0
4575000,4615073.604051847,4363793.1034482755,40073.60405184701,211206.89655172452
4575000,4615073.604051847,4363793.1034482755,40073.60405184701,211206.89655172452
11500000,16325784.797148,10503833.333333334,4825784.797148,996166.666666666
6520000,8454513.295984047,6390304.966887417,1934513.2959840465,129695.03311258275
8495000,17315200.529124826,8650658.028169014,8820200.529124826,155658.02816901356
6500000,9952230.171839792,6390304.966887417,3452230.1718397923,109695.03311258275
29000000,29229351.74938097,25870909.09090909,229351.7493809685,3129090.90909091
6200000,11620931.549131555,4565951.923076923,5420931.5491315555,1634048.076923077
4325000,2256180.829037031,2984000.0,2068819.1709629688,1341000.0
6000000,5610126.99504978,5747871.917808219,389873.00495021977,252128.08219178114
17000000,17010123.3612629,11365166.666666666,10123.361262898892,5634833.333333334
5337000,7376507.753327152,6390304.966887417,2039507.7533271518,1053304.9668874172
7625000,7065250.613539149,7594594.594594595,559749.386460851,30405.405405404978
4300000,4564203.643007332,4401707.894736842,264203.64300733246,101707.89473684225
15500000,26155869.61238784,21123500.0,10655869.61238784,5623500.0
9864000,4659269.569393516,8650658.028169014,5204730.430606484,1213341.9718309864
4500000,-217497.8726001568,4955925.925925926,4717497.872600157,455925.9259259263
5000000,9814134.159958184,7280596.323529412,4814134.159958184,2280596.323529412
8850000,11517071.163859718,15550000.0,2667071.1638597175,6700000.0
8500000,12283254.975566514,8364915.730337079,3783254.975566514,135084.26966292132
4575000,4615073.604051847,4363793.1034482755,40073.60405184701,211206.89655172452
4000000,5673734.3424186045,4565951.923076923,1673734.3424186045,565951.923076923
4000000,26444880.22327534,46288733.333333336,22444880.22327534,42288733.333333336
9500000,20130200.836393733,6390304.966887417,10630200.836393733,3109695.0331125828
13000000,12063845.188546024,15222950.0,936154.8114539757,2222950.0
12350000,20299690.14569954,24651153.846153848,7949690.145699538,12301153.846153848
4575000,4615073.604051847,4363793.1034482755,40073.60405184701,211206.89655172452
4575000,4615073.604051847,4363793.1034482755,40073.60405184701,211206.89655172452
8550000,15677172.987348363,7628269.230769231,7127172.987348363,921730.769230769
4300000,4645408.259159608,5239142.857142857,345408.2591596078,939142.8571428573
8500000,15066018.839069448,12442396.875,6566018.839069448,3942396.875
6190000,15429039.410402454,5786548.148148148,9239039.410402454,403451.8518518517
7625000,7065250.613539149,7594594.594594595,559749.386460851,30405.405405404978
8000000,17064774.7609317,29000000.0,9064774.7609317,21000000.0
5250000,16179218.62293406,7280596.323529412,10929218.62293406,2030596.323529412
32000000,5348694.675248889,100000000.0,26651305.32475111,68000000.0
4000000,8572516.776168464,4401707.894736842,4572516.776168464,401707.89473684225
12500000,16796309.001659174,8741246.551724138,4296309.0016591735,3758753.4482758623
7507500,10414102.268980745,8741246.551724138,2906602.268980745,1233746.5517241377
7118000,15164780.485319927,7423370.37037037,8046780.485319927,305370.37037037034
7936000,1132844.9704434387,9011400.0,6803155.029556561,1075400.0
13500000,14265962.664771698,10354388.888888888,765962.6647716984,3145611.111111112
6200000,14971248.002361057,5747871.917808219,8771248.002361057,452128.08219178114
6500000,7065250.613539149,7594594.594594595,565250.613539149,1094594.594594595
47500000,25973887.72072003,47500000.0,21526112.27927997,0.0
11260000,17144748.02657233,13447647.05882353,5884748.026572332,2187647.0588235296
5700000,10140703.58450366,5786548.148148148,4440703.58450366,86548.14814814832
29500000,55385410.66626516,29500000.0,25885410.66626516,0.0
7800000,15535944.035782628,8741246.551724138,7735944.035782628,941246.5517241377
3800000,2644440.1325151976,4955925.925925926,1155559.8674848024,1155925.9259259263
33917000,15187706.062893314,25000000.0,18729293.937106684,8917000.0
25000000,14674723.894124232,12566935.483870968,10325276.105875768,12433064.516129032
9075000,12880218.543646572,10354388.888888888,3805218.543646572,1279388.888888888
9000000,8631782.857547168,8741246.551724138,368217.1424528323,258753.44827586226
5512500,9700834.794790488,7280596.323529412,4188334.7947904877,1768096.323529412
3357750,25552966.403114844,4043820.0,22195216.403114844,686070.0
18875000,21832481.133136097,22075941.860465117,2957481.1331360973,3200941.860465117
5200000,4913142.131253291,5278346.391752577,286857.8687467091,78346.39175257739
6680000,16656949.433240429,6390304.966887417,9976949.433240429,289695.03311258275
9500000,9463244.87143498,6390304.966887417,36755.12856502086,3109695.0331125828
7100000,7682816.352184163,7814270.9677419355,582816.3521841634,714270.9677419355
5625000,7065250.613539149,7594594.594594595,1440250.613539149,1969594.594594595
13000000,27898655.387266688,12418222.222222222,14898655.387266688,581777.777777778
5260000,13214083.719301743,6390304.966887417,7954083.719301743,1130304.9668874172
7500000,15853476.252835225,7459825.0,8353476.252835225,40175.0
3000000,5291960.236980474,3455040.0,2291960.2369804736,455040.0
7680000,8284298.3771191,8364915.730337079,604298.3771190997,684915.7303370787
23500000,7481789.086901267,20336875.0,16018210.913098734,3163125.0
5000000,642488.965133572,4401707.894736842,4357511.034866428,598292.1052631577
4900000,10149085.34604485,5278346.391752577,5249085.34604485,378346.3917525774
7000000,12131553.34630323,7459825.0,5131553.34630323,459825.0
4000000,9497327.109284664,5124119.5121951215,5497327.109284664,1124119.5121951215
3100000,9182401.946425844,2935000.0,6082401.946425844,165000.0
3800000,9024969.313498506,5747871.917808219,5224969.313498506,1947871.9178082189
6800000,5228683.645890609,5124119.5121951215,1571316.3541093906,1675880.4878048785
6325000,9357741.63973817,6471447.368421053,3032741.6397381704,146447.36842105258
5625000,7065250.613539149,7594594.594594595,1440250.613539149,1969594.594594595
4000000,6451626.753616038,5124119.5121951215,2451626.753616038,1124119.5121951215
8200000,12387547.67096338,8741246.551724138,4187547.6709633805,541246.5517241377
4575000,4615073.604051847,4363793.1034482755,40073.60405184701,211206.89655172452
7625000,7065250.613539149,7594594.594594595,559749.386460851,30405.405405404978
22000000,21628455.640264142,20336875.0,371544.3597358577,1663125.0
6325000,9560753.180118866,6471447.368421053,3235753.1801188663,146447.36842105258
16132000,20276024.598060004,12418222.222222222,4144024.5980600044,3713777.777777778
7754600,9211869.51187697,6390304.966887417,1457269.5118769705,1364295.0331125828
4575000,4615073.604051847,4363793.1034482755,40073.60405184701,211206.89655172452
7100000,12024925.497827657,12566935.483870968,4924925.497827657,5466935.483870968
4575000,4615073.604051847,4363793.1034482755,40073.60405184701,211206.89655172452
14500000,15842216.161968537,12566935.483870968,1342216.1619685367,1933064.5161290318
12500000,22236640.421602353,12442396.875,9736640.421602353,57603.125
6367000,12864642.767627465,7628269.230769231,6497642.767627465,1261269.230769231
5740000,13418265.136759019,7814270.9677419355,7678265.1367590185,2074270.9677419355
8200000,12428918.453721542,5747871.917808219,4228918.453721542,2452128.082191781
4800000,3738254.4065299854,6390304.966887417,1061745.5934700146,1590304.9668874172
4575000,4615073.604051847,4363793.1034482755,40073.60405184701,211206.89655172452
5500000,7680435.95054614,5278346.391752577,2180435.95054614,221653.6082474226
11000000,11877988.906975046,9011400.0,877988.9069750458,1988600.0
3800000,8613119.084244603,4401707.894736842,4813119.084244603,601707.8947368423
2200000,10323633.294173948,2935000.0,8123633.2941739485,735000.0
12500000,15158865.845741767,8364915.730337079,2658865.8457417674,4135084.2696629213
42000000,21743257.709034577,4400000.0,20256742.290965423,37600000.0
13800000,16715015.769802444,10503833.333333334,2915015.7698024437,3296166.666666666
4000000,10431757.396081602,4565951.923076923,6431757.396081602,565951.923076923
23625000,17353531.087995727,20336875.0,6271468.912004273,3288125.0
3535000,7734721.661363544,4401707.894736842,4199721.661363544,866707.8947368423
6500000,7022610.2068809755,7459825.0,522610.2068809755,959825.0
11000000,8349555.444937948,12418222.222222222,2650444.555062052,1418222.222222222
7507500,10170488.420523912,8741246.551724138,2662988.4205239117,1233746.5517241377
17000000,21679111.094627827,22075941.860465117,4679111.094627827,5075941.860465117
8500000,20068879.513150677,10503833.333333334,11568879.513150677,2003833.333333334
4100000,2255319.4348266684,4565951.923076923,1844680.5651733316,465951.923076923
14000000,12793489.576129787,30900000.0,1206510.4238702133,16900000.0
7750000,14868247.330344206,7814270.9677419355,7118247.330344206,64270.967741935514
14800000,12713896.157861171,13652298.507462686,2086103.8421388287,1147701.492537314
21000000,21035993.162449658,24651153.846153848,35993.16244965792,3651153.846153848
2000000,5719858.73702667,3626923.076923077,3719858.73702667,1626923.076923077
5000000,7065250.613539149,7594594.594594595,2065250.613539149,2594594.594594595
5337000,7214098.521022597,6390304.966887417,1877098.5210225973,1053304.9668874172
10500000,17923748.84512075,13652298.507462686,7423748.84512075,3152298.507462686
6200000,9695911.462921476,7459825.0,3495911.462921476,1259825.0
11000000,8062331.424170689,5278346.391752577,2937668.5758293113,5721653.608247423
20800000,21349555.836594086,22075941.860465117,549555.8365940861,1275941.8604651168
7500000,16263358.311879994,7280596.323529412,8763358.311879994,219403.67647058796
35000000,30432185.144629374,35623076.92307692,4567814.855370626,623076.9230769202
30000000,23763434.657273907,15646153.846153846,6236565.342726093,14353846.153846154
6800000,8975388.327290786,10354388.888888888,2175388.3272907864,3554388.888888888
6000000,11001705.175181676,7459825.0,5001705.175181676,1459825.0
4575000,4615073.604051847,4363793.1034482755,40073.60405184701,211206.89655172452
21500000,24206968.52991715,24651153.846153848,2706968.5299171507,3151153.846153848
18000000,12845819.505718496,25870909.09090909,5154180.494281504,7870909.09090909
4072500,10635711.88204224,4565951.923076923,6563211.88204224,493451.923076923
12160000,12221950.331138045,12442396.875,61950.331138044596,282396.875
6200000,10138591.174252711,6539612.5,3938591.1742527112,339612.5
9864000,4618667.261317376,8650658.028169014,5245332.738682624,1213341.9718309864
16000000,24041118.42197036,16750000.0,8041118.42197036,750000.0
5692500,20230323.374537256,5278346.391752577,14537823.374537256,414153.6082474226
6400000,15035483.102010127,6390304.966887417,8635483.102010127,9695.03311258275
6500000,6505372.229838124,8364915.730337079,5372.229838123545,1864915.7303370787
3100000,9182401.946425844,2935000.0,6082401.946425844,165000.0
4700000,11616376.545037463,5747871.917808219,6916376.545037463,1047871.9178082189
16900000,16722665.367181756,16407812.5,177334.6328182444,492187.5
4800000,11595850.493653046,5747871.917808219,6795850.493653046,947871.9178082189
9210000,6189710.102362903,10131600.0,3020289.897637097,921600.0
6500000,17082959.75612972,7280596.323529412,10582959.75612972,780596.323529412
3900000,4615073.604051847,4363793.1034482755,715073.604051847,463793.1034482755
14400000,19931017.618110932,11365166.666666666,5531017.618110932,3034833.333333334
6950000,20001821.840332057,6390304.966887417,13051821.840332057,559695.0331125828
8000000,15702989.85269298,7280596.323529412,7702989.85269298,719403.676470588
6000000,15710186.72754528,6390304.966887417,9710186.72754528,390304.96688741725
4000000,1528663.220891524,4565951.923076923,2471336.779108476,565951.923076923
3749000,2313798.255234612,4017959.302325581,1435201.7447653878,268959.3023255812
5000000,7065250.613539149,7594594.594594595,2065250.613539149,2594594.594594595
11500000,14175177.97937471,7280596.323529412,2675177.9793747105,4219403.676470588
7625000,7065250.613539149,7594594.594594595,559749.386460851,30405.405405404978
7148000,17132670.814394787,7814270.9677419355,9984670.814394787,666270.9677419355
6800000,8716312.139638899,7814270.9677419355,1916312.139638899,1014270.9677419355
5500000,22017757.701803744,7280596.323529412,16517757.701803744,1780596.323529412
10000000,25178477.05700096,99550000.0,15178477.057000961,89550000.0
11500000,10771740.499016918,7459825.0,728259.5009830818,4040175.0
5586000,10089658.23013934,5786548.148148148,4503658.230139339,200548.14814814832
3200000,9344811.178730398,2935000.0,6144811.178730398,265000.0
7500000,7773041.577342467,7628269.230769231,273041.5773424674,128269.23076923098
5000000,14939407.294646293,7280596.323529412,9939407.294646293,2280596.323529412
4575000,4615073.604051847,4363793.1034482755,40073.60405184701,211206.89655172452
3990000,8779399.291004082,4401707.894736842,4789399.291004082,411707.89473684225
9267500,8063152.91528243,8650658.028169014,1204347.0847175699,616841.9718309864
7625000,7065250.613539149,7594594.594594595,559749.386460851,30405.405405404978
4000000,3513078.147109287,3626923.076923077,486921.85289071314,373076.923076923
8167000,12775192.20430868,9988214.285714285,4608192.204308679,1821214.2857142854
6500000,14731683.012095457,6471447.368421053,8231683.012095457,28552.631578947417
4575000,4615073.604051847,4363793.1034482755,40073.60405184701,211206.89655172452
13968000,17447109.96298188,22075941.860465117,3479109.9629818797,8107941.860465117
3120000,5302169.3078533355,3455040.0,2182169.3078533355,335040.0
29000000,24647677.97714328,29000000.0,4352322.02285672,0.0
11232000,14065911.278432066,11365166.666666666,2833911.2784320656,133166.66666666605
6000000,8389000.141362615,5747871.917808219,2389000.141362615,252128.08219178114
14500000,13079971.34057311,10354388.888888888,1420028.6594268903,4145611.111111112
7000000,13816190.073924616,5278346.391752577,6816190.073924616,1721653.6082474226
5000000,5171847.840648652,5000000.0,171847.84064865205,0.0
500000000,33059942.21092133,46288733.333333336,466940057.78907865,453711266.6666667
17000000,17010123.3612629,11365166.666666666,10123.361262898892,5634833.333333334
4025000,5191805.015479296,3927813.524590164,1166805.0154792964,97186.47540983604
4960000,4811051.422524653,5278346.391752577,148948.57747534662,318346.3917525774
4200000,7140003.1205788255,4401707.894736842,2940003.1205788255,201707.89473684225
4740000,7870347.8412511675,5278346.391752577,3130347.8412511675,538346.3917525774
8500000,12513923.887996405,13447647.05882353,4013923.8879964054,4947647.05882353
6000000,10092895.823217679,6390304.966887417,4092895.823217679,390304.96688741725
7750000,12750669.670508312,7814270.9677419355,5000669.670508312,64270.967741935514
4950000,14565402.805335982,5747871.917808219,9615402.805335982,797871.9178082189
5000000,8470204.757514892,5747871.917808219,3470204.757514892,747871.9178082189
10000000,6768926.517983411,10000000.0,3231073.4820165886,0.0
5100000,1910481.215859387,7459825.0,3189518.784140613,2359825.0
4575000,4615073.604051847,4363793.1034482755,40073.60405184701,211206.89655172452
6000000,9236790.020905819,5747871.917808219,3236790.020905819,252128.08219178114
5000000,5849658.388970605,4565951.923076923,849658.3889706051,434048.076923077
29095000,22027813.608982198,29141000.0,7067186.391017802,46000.0
9300000,14170120.933877027,8364915.730337079,4870120.933877027,935084.2696629213
3675000,5134187.589281715,3927813.524590164,1459187.5892817155,252813.52459016396
4500000,1813250.0480054207,5747871.917808219,2686749.9519945793,1247871.9178082189
2360000,4268248.930154745,2404055.5555555555,1908248.9301547445,44055.555555555504
6000000,16297154.572707558,7280596.323529412,10297154.572707558,1280596.323529412
3750000,7134962.651240968,5747871.917808219,3384962.651240968,1997871.9178082189
5600000,10115946.517472377,5786548.148148148,4515946.517472377,186548.14814814832
25000000,25873104.161404558,60000000.0,873104.1614045575,35000000.0
5100000,11692690.53528329,5747871.917808219,6592690.53528329,647871.9178082189
4800000,12007602.68957079,2935000.0,7207602.68957079,1865000.0
22000000,17978449.59920143,22075941.860465117,4021550.4007985704,75941.8604651168
13500000,11139697.8697301,12566935.483870968,2360302.1302699,933064.5161290318
29095000,22149620.533210613,29141000.0,6945379.466789387,46000.0
120000000,300636291.95983577,120000000.0,180636291.95983577,0.0
11589500,14773778.794941481,12442396.875,3184278.794941481,852896.875
8855600,17953447.70406674,11365166.666666666,9097847.704066738,2509566.666666666
4025000,5110600.399327019,3927813.524590164,1085600.3993270192,97186.47540983604
8000000,8418077.492072616,7280596.323529412,418077.4920726158,719403.676470588
6000000,12588626.588647757,5747871.917808219,6588626.588647757,252128.08219178114
11500000,16057093.286973413,12566935.483870968,4557093.286973413,1066935.4838709682
50000000,24625341.295862265,24651153.846153848,25374658.704137735,25348846.153846152
9000000,10171398.868660523,7814270.9677419355,1171398.8686605226,1185729.0322580645
39000000,27250098.07154371,99550000.0,11749901.928456292,60550000.0
8000000,19527904.67834368,10503833.333333334,11527904.67834368,2503833.333333334
8000000,14548073.621108536,8364915.730337079,6548073.621108536,364915.7303370787
8700000,9651625.169560991,7814270.9677419355,951625.1695609912,885729.0322580645
5000000,3313071.2359148934,4401707.894736842,1686928.7640851066,598292.1052631577
12500000,22236640.421602353,12442396.875,9736640.421602353,57603.125
7500000,15853476.252835225,7459825.0,8353476.252835225,40175.0
7665000,12775957.81445956,10503833.333333334,5110957.81445956,2838833.333333334
4025000,5110600.399327019,3927813.524590164,1085600.3993270192,97186.47540983604
13120000,19731538.161888596,12442396.875,6611538.161888596,677603.125
35237500,15149140.656502116,40637250.0,20088359.343497884,5399750.0
7300000,17845114.71972967,10503833.333333334,10545114.71972967,3203833.333333334
4000000,9497327.109284664,5124119.5121951215,5497327.109284664,1124119.5121951215
7500000,13358357.0041686,5794000.0,5858357.0041686,1706000.0
6500000,7065250.613539149,7594594.594594595,565250.613539149,1094594.594594595
3725000,2215344.545545576,2984000.0,1509655.4544544239,741000.0
9000000,13898333.101170655,5747871.917808219,4898333.101170655,3252128.082191781
18000000,17681565.463231556,18058333.333333332,318434.5367684439,58333.33333333209
9500000,14156979.446495846,8364915.730337079,4656979.446495846,1135084.2696629213
5200000,14321627.190382523,7423370.37037037,9121627.190382523,2223370.3703703703
42000000,19753989.29481108,48500000.0,22246010.70518892,6500000.0
60000000,17429019.676239226,10000000.0,42570980.32376078,50000000.0
27000000,23763434.657273907,15646153.846153846,3236565.342726093,11353846.153846154
4775000,13058360.256158274,6471447.368421053,8283360.256158274,1696447.3684210526
12877500,19482244.06697389,12566935.483870968,6604744.066973891,310564.5161290318
4575000,4615073.604051847,4363793.1034482755,40073.60405184701,211206.89655172452
5500000,6424167.613685846,8364915.730337079,924167.6136858463,2864915.7303370787
7754600,9374278.744181525,6390304.966887417,1619678.744181525,1364295.0331125828
9264000,4367311.463950701,7628269.230769231,4896688.536049299,1635730.769230769
4500000,3232831.456398681,5747871.917808219,1267168.5436013192,1247871.9178082189
11000000,15928059.350910526,8364915.730337079,4928059.350910526,2635084.2696629213
19500000,9696898.910878083,20336875.0,9803101.089121917,836875.0
6000000,16075429.616494212,6390304.966887417,10075429.616494212,390304.96688741725
6300000,15239107.348998945,10503833.333333334,8939107.348998945,4203833.333333334
7754600,9130664.895724691,6390304.966887417,1376064.8957246915,1364295.0331125828
17000000,10661901.068803258,20336875.0,6338098.931196742,3336875.0
8462200,9622465.49333923,7814270.9677419355,1160265.4933392294,647929.0322580645
18000000,17681565.463231556,18058333.333333332,318434.5367684439,58333.33333333209
7625000,7065250.613539149,7594594.594594595,559749.386460851,30405.405405404978
20000000,22946017.067752372,20336875.0,2946017.0677523725,336875.0
13450000,13533977.226125393,12442396.875,83977.22612539306,1007603.125
10500000,7435201.243185784,20336875.0,3064798.7568142163,9836875.0
5207500,6352498.423833144,4565951.923076923,1144998.423833144,641548.076923077
7625000,7065250.613539149,7594594.594594595,559749.386460851,30405.405405404978
10500000,24493710.68320975,21123500.0,13993710.68320975,10623500.0
9500000,14843306.803824063,12442396.875,5343306.803824063,2942396.875
5510000,10096230.301972603,5786548.148148148,4586230.301972603,276548.1481481483
4900000,11469592.108821891,4565951.923076923,6569592.108821891,334048.076923077
11200000,5941555.707179815,11365166.666666666,5258444.292820185,165166.66666666605
29210000,22126033.343255915,29141000.0,7083966.656744085,69000.0
2440000,4275054.977403317,2984000.0,1835054.9774033166,544000.0
5660000,12970409.604352145,5786548.148148148,7310409.6043521445,126548.14814814832
29210000,21841817.18672294,18250000.0,7368182.813277058,10960000.0
8000000,4101760.39027817,8364915.730337079,3898239.60972183,364915.7303370787
22500000,16941063.275100444,22075941.860465117,5558936.7248995565,424058.1395348832
7500000,16223691.905465117,7280596.323529412,8723691.905465117,219403.67647058796
4575000,4615073.604051847,4363793.1034482755,40073.60405184701,211206.89655172452
4575000,4615073.604051847,4363793.1034482755,40073.60405184701,211206.89655172452
6500000,18483017.897997946,7280596.323529412,11983017.897997946,780596.323529412
4600000,7147745.069488667,4955925.925925926,2547745.069488667,355925.9259259263
4575000,4615073.604051847,4363793.1034482755,40073.60405184701,211206.89655172452
4300000,4523601.334931193,4401707.894736842,223601.33493119292,101707.89473684225
4200000,21237170.229909614,5747871.917808219,17037170.229909614,1547871.9178082189
15824000,12753473.42684646,12442396.875,3070526.5731535405,3381603.125
6500000,7065250.613539149,7594594.594594595,565250.613539149,1094594.594594595
5200000,10521637.824823087,4401707.894736842,5321637.824823087,798292.1052631577
65580000,25927623.83963894,130580000.0,39652376.16036106,65000000.0
3000000,28516501.23781809,46288733.333333336,25516501.23781809,43288733.333333336
7800000,10096621.486355778,7280596.323529412,2296621.486355778,519403.67647058796
4575000,4615073.604051847,4363793.1034482755,40073.60405184701,211206.89655172452
15000000,21322309.982870273,7820000.0,6322309.982870273,7180000.0
3375000,4615073.604051847,4363793.1034482755,1240073.604051847,988793.1034482755
3906400,8823170.647289189,4401707.894736842,4916770.647289189,495307.89473684225
4025000,5273009.631631574,3455040.0,1248009.6316315737,569960.0
5244000,9977124.475122524,5786548.148148148,4733124.475122524,542548.1481481483
8000000,14426266.696880117,8364915.730337079,6426266.696880117,364915.7303370787
5390000,9246007.09121701,5124119.5121951215,3856007.0912170094,265880.4878048785
6500000,14824172.442251135,7280596.323529412,8324172.442251135,780596.323529412
8540000,15568038.784798045,8741246.551724138,7028038.784798045,201246.55172413774
3220000,4372367.1627209205,3222673.076923077,1152367.1627209205,2673.0769230769947
8300000,7948359.097943779,8364915.730337079,351640.9020562209,64915.73033707868
4320000,-904709.9948823415,4955925.925925926,5224709.9948823415,635925.9259259263
10000000,14714858.758823043,16322500.0,4714858.758823043,6322500.0
29000000,8960301.257560205,25520000.0,20039698.742439795,3480000.0
2600000,12180179.78202145,2935000.0,9580179.78202145,335000.0
8537500,15200440.528150264,10503833.333333334,6662940.528150264,1966333.333333334
3360000,6123555.553812686,5747871.917808219,2763555.5538126864,2387871.917808219
3150000,4615073.604051847,4363793.1034482755,1465073.604051847,1213793.1034482755
8400000,12022126.898278128,8741246.551724138,3622126.8982781284,341246.55172413774
5875000,16301801.415332973,6390304.966887417,10426801.415332973,515304.96688741725
6000000,7065250.613539149,7594594.594594595,1065250.613539149,1594594.594594595
9000000,9436864.232571416,7814270.9677419355,436864.2325714156,1185729.0322580645
9800000,14932904.779205678,10354388.888888888,5132904.779205678,554388.8888888881
7625000,7065250.613539149,7594594.594594595,559749.386460851,30405.405405404978
4800000,6467644.516684411,4017959.302325581,1667644.516684411,782040.6976744188
5260000,13295288.335454023,6390304.966887417,8035288.3354540225,1130304.9668874172
3850000,5183297.456418578,3927813.524590164,1333297.4564185776,77813.52459016396
67500000,7764290.563643617,67500000.0,59735709.43635638,0.0
2800000,9304208.870654263,2935000.0,6504208.870654263,135000.0
9500000,18275764.48470547,11212958.333333334,8775764.48470547,1712958.333333334
8500000,18913025.899174355,16322500.0,10413025.899174355,7822500.0
10000000,16767825.14845287,12442396.875,6767825.148452871,2442396.875
3220000,4331764.854644781,3222673.076923077,1111764.854644781,2673.0769230769947
13395000,13748899.424038798,10503833.333333334,353899.4240387976,2891166.666666666
6300000,15320311.965151224,10503833.333333334,9020311.965151224,4203833.333333334
7500000,21018625.14917916,7280596.323529412,13518625.14917916,219403.67647058796
7300000,17845114.71972967,10503833.333333334,10545114.71972967,3203833.333333334
17000000,17010123.3612629,11365166.666666666,10123.361262898892,5634833.333333334
4600000,7147745.069488667,4955925.925925926,2547745.069488667,355925.9259259263
35000000,30432185.144629374,35623076.92307692,4567814.855370626,623076.9230769202
5875000,16423608.339561392,6390304.966887417,10548608.339561392,515304.96688741725
7000000,10602165.446528938,4401707.894736842,3602165.4465289377,2598292.1052631577
21000000,20145265.566303376,24651153.846153848,854734.4336966239,3651153.846153848
10374000,14870434.123052226,13652298.507462686,4496434.123052226,3278298.507462686
9675000,5923786.975455017,10354388.888888888,3751213.024544983,679388.8888888881
85000000,63503455.27292065,85000000.0,21496544.727079347,0.0
12500000,16420169.482516494,23000000.0,3920169.4825164936,10500000.0
5000000,5154832.722527212,5000000.0,154832.72252721246,0.0
3380000,14456194.690166226,3455040.0,11076194.690166226,75040.0
5875000,16342403.723409113,6390304.966887417,10467403.723409113,515304.96688741725
4725000,-1519652.267310029,5747871.917808219,6244652.267310029,1022871.9178082189
18000000,22343573.584530637,25870909.09090909,4343573.584530637,7870909.09090909
5000000,7065250.613539149,7594594.594594595,2065250.613539149,2594594.594594595
11028200,10995079.682985142,10354388.888888888,33120.31701485813,673811.1111111119
11000000,21627965.99110009,13652298.507462686,10627965.991100091,2652298.507462686
5000000,9927467.121470658,7280596.323529412,4927467.121470658,2280596.323529412
5000000,5849658.388970605,4565951.923076923,849658.3889706051,434048.076923077
2900000,10177771.2291602,2935000.0,7277771.229160201,35000.0
6500000,14731683.012095457,6471447.368421053,8231683.012095457,28552.631578947417
7300000,11039069.890179478,9011400.0,3739069.8901794776,1711400.0
5500000,561284.3489812948,4401707.894736842,4938715.651018705,1098292.1052631577
3800000,6997076.128358733,4401707.894736842,3197076.128358733,601707.8947368423
5500000,11807727.88493423,5747871.917808219,6307727.88493423,247871.91780821886
7150000,9440379.987860955,7459825.0,2290379.9878609553,309825.0
13500000,18176727.18808373,30109285.714285713,4676727.188083731,16609285.714285713
19000000,23496936.557077713,11212958.333333334,4496936.557077713,7787041.666666666
3500000,7913030.310778465,4565951.923076923,4413030.310778465,1065951.923076923
21500000,18265674.307931233,16407812.5,3234325.692068767,5092187.5
5500000,8480344.2531495,4401707.894736842,2980344.2531495,1098292.1052631577
10854000,10869635.759717122,10354388.888888888,15635.75971712172,499611.11111111194
5368000,24436251.462450013,15646153.846153846,19068251.462450013,10278153.846153846
5850000,17186533.827620443,7280596.323529412,11336533.827620443,1430596.323529412
5300000,13271701.14549932,6390304.966887417,7971701.145499321,1090304.9668874172
4300000,4220313.312611008,4565951.923076923,79686.68738899194,265951.923076923
3120000,5302169.3078533355,3455040.0,2182169.3078533355,335040.0
7500000,12108965.741914725,5794000.0,4608965.741914725,1706000.0
6000000,5531768.953888032,5747871.917808219,468231.04611196835,252128.08219178114
23625000,17353531.087995727,20336875.0,6271468.912004273,3288125.0
3200000,10283030.986097809,2935000.0,7083030.986097809,265000.0
55000000,25302075.04626493,54166666.666666664,29697924.95373507,833333.3333333358
4870000,13141500.359538011,6471447.368421053,8271500.359538011,1601447.3684210526
6250000,7216033.557523863,7280596.323529412,966033.5575238634,1030596.323529412
9000000,18049933.307208635,11063636.363636363,9049933.307208635,2063636.3636363633
12500000,22317845.037754633,12442396.875,9817845.037754633,57603.125
6000000,10954286.904559774,4200000.0,4954286.904559774,1800000.0
23000000,21322309.982870273,7820000.0,1677690.0171297267,15180000.0
21500000,9625567.643542334,13652298.507462686,11874432.356457666,7847701.492537314
25237500,18689131.14066483,22075941.860465117,6548368.859335169,3161558.139534883
12500000,14629800.54864338,12566935.483870968,2129800.5486433804,66935.48387096822
6100000,9794721.005828932,5124119.5121951215,3694721.005828932,975880.4878048785
3000000,14086162.82627559,2418000.0,11086162.82627559,582000.0
14014000,11445226.285710178,8650658.028169014,2568773.7142898217,5363341.971830986
7507500,10251693.03667619,8741246.551724138,2744193.036676191,1233746.5517241377
4575000,4615073.604051847,4363793.1034482755,40073.60405184701,211206.89655172452
6604000,12949810.709765185,6390304.966887417,6345810.709765185,213695.03311258275
3500000,5975336.287653941,5124119.5121951215,2475336.2876539407,1624119.5121951215
35000000,26831259.387213346,35623076.92307692,8168740.612786654,623076.9230769202
9000000,14468354.429233922,10503833.333333334,5468354.429233922,1503833.333333334
6000000,19462961.0626395,6390304.966887417,13462961.062639501,390304.96688741725
4800000,2232969.019954417,4254761.904761905,2567030.980045583,545238.0952380951
4300000,4442396.718778914,4401707.894736842,142396.71877891384,101707.89473684225
8000000,14548073.621108536,8364915.730337079,6548073.621108536,364915.7303370787
4200000,3848458.2621595487,4401707.894736842,351541.7378404513,201707.89473684225
6500000,8274773.395239471,5418545.454545454,1774773.3952394715,1081454.5454545459
4375000,5208820.133600736,3927813.524590164,833820.133600736,447186.47540983604
7000000,8740544.756575242,8364915.730337079,1740544.7565752417,1364915.7303370787
8160000,13087101.058482187,10354388.888888888,4927101.058482187,2194388.888888888
3220000,4412969.47079706,3222673.076923077,1192969.47079706,2673.0769230769947
4200000,5281517.1906922925,3455040.0,1081517.1906922925,744960.0
8500000,19244769.1750927,7280596.323529412,10744769.1750927,1219403.676470588
23625000,17353531.087995727,20336875.0,6271468.912004273,3288125.0
9500000,20253481.1883523,10503833.333333334,10753481.188352302,1003833.333333334
5000000,7065250.613539149,7594594.594594595,2065250.613539149,2594594.594594595
4300000,4482999.026855053,4401707.894736842,182999.02685505338,101707.89473684225
1500000,2372883.217829017,2984000.0,872883.217829017,1484000.0
4500000,-305968.20845504105,4254761.904761905,4805968.208455041,245238.09523809515
11000000,24610476.62907441,20336875.0,13610476.62907441,9336875.0
4575000,4615073.604051847,4363793.1034482755,40073.60405184701,211206.89655172452
14200000,13679101.472642597,8650658.028169014,520898.5273574032,5549341.971830986
5000000,7065250.613539149,7594594.594594595,2065250.613539149,2594594.594594595
15000000,21122516.352986213,11365166.666666666,6122516.352986213,3634833.333333334
4960000,4811051.422524653,5278346.391752577,148948.57747534662,318346.3917525774
4500000,4876410.797632072,5278346.391752577,376410.7976320721,778346.3917525774
4575000,4615073.604051847,4363793.1034482755,40073.60405184701,211206.89655172452
5000000,9104543.46425559,5747871.917808219,4104543.46425559,747871.9178082189
6500000,8362883.521424429,6390304.966887417,1862883.5214244286,109695.03311258275
4575000,2273195.9471584726,4017959.302325581,2301804.0528415274,557040.6976744188
5320000,13292768.968317984,5786548.148148148,7972768.968317984,466548.1481481483
11000000,12776152.660918439,12566935.483870968,1776152.6609184388,1566935.4838709682
4800000,2505756.7143429406,5124119.5121951215,2294243.2856570594,324119.5121951215
8000000,7166239.1253470145,7814270.9677419355,833760.8746529855,185729.0322580645
32310000,11596549.825237252,22075941.860465117,20713450.17476275,10234058.139534883
7500000,9113268.312009554,13447647.05882353,1613268.3120095544,5947647.05882353
4950000,18478279.879961044,7628269.230769231,13528279.879961044,2678269.230769231
7500000,14006541.824495891,8364915.730337079,6506541.824495891,864915.7303370787
4500000,4998217.721860487,5278346.391752577,498217.721860487,778346.3917525774
4025000,5191805.015479296,3927813.524590164,1166805.0154792964,97186.47540983604
6500000,11892905.672908634,7628269.230769231,5392905.672908634,1128269.230769231
5500000,11489804.4694468,5747871.917808219,5989804.469446801,247871.91780821886
6600000,13876992.951357635,5747871.917808219,7276992.951357635,852128.0821917811
11000000,8043244.345577663,9011400.0,2956755.654422337,1988600.0
9630000,12124813.020941485,5747871.917808219,2494813.0209414847,3882128.082191781
13000000,27776848.463038273,12418222.222222222,14776848.463038273,581777.777777778
12500000,16420169.482516494,23000000.0,3920169.4825164936,10500000.0
5650000,13183864.19102102,5786548.148148148,7533864.19102102,136548.14814814832
6500000,9971312.864900917,8650658.028169014,3471312.864900917,2150658.0281690136
2100000,4246129.27659687,2404055.5555555555,2146129.2765968703,304055.5555555555
8000000,12628865.402565239,9011400.0,4628865.402565239,1011400.0
7000000,5806484.548120172,7459825.0,1193515.4518798282,459825.0
2964000,4592401.943069506,5418545.454545454,1628401.9430695064,2454545.454545454
55620000,20217965.50335284,50400000.0,35402034.496647164,5220000.0
3900000,4615073.604051847,4363793.1034482755,715073.604051847,463793.1034482755
6600000,16708525.864524715,5747871.917808219,10108525.864524715,852128.0821917811
6500000,7065250.613539149,7594594.594594595,565250.613539149,1094594.594594595
5100000,11692690.53528329,5747871.917808219,6592690.53528329,647871.9178082189
2240000,-2403839.5144024976,2935000.0,4643839.514402498,695000.0
7000000,22271494.86893525,22000000.0,15271494.86893525,15000000.0
12800000,16312109.018745914,13652298.507462686,3512109.018745914,852298.5074626859
5700000,6222821.110565695,5747871.917808219,522821.110565695,47871.91780821886
8000000,17863362.42180752,7280596.323529412,9863362.42180752,719403.676470588
17500000,21883526.487500418,22075941.860465117,4383526.487500418,4575941.860465117
6160000,14071200.250758434,5747871.917808219,7911200.250758434,412128.08219178114
6600000,17301630.055838004,9011400.0,10701630.055838004,2411400.0
12000000,7486739.312856917,9011400.0,4513260.687143083,2988600.0
16000000,16133364.16326962,11365166.666666666,133364.1632696204,4634833.333333334
5274000,14802096.406712856,4565951.923076923,9528096.406712856,708048.076923077
15824000,12753473.42684646,12442396.875,3070526.5731535405,3381603.125
10000000,10456308.80861932,12566935.483870968,456308.8086193204,2566935.483870968
8000000,12755756.78827751,8000000.0,4755756.788277511,0.0
6300000,9756054.184980253,5124119.5121951215,3456054.1849802528,1175880.4878048785
4300000,4220313.312611008,4565951.923076923,79686.68738899194,265951.923076923
5900000,10218037.226201018,5786548.148148148,4318037.226201018,113451.85185185168
4410000,3151626.8402464036,5747871.917808219,1258373.1597535964,1337871.9178082189
5500000,21276602.660909176,5124119.5121951215,15776602.660909176,375880.4878048785
2730000,8549013.892890852,4565951.923076923,5819013.892890852,1835951.923076923
32310000,11596549.825237252,22075941.860465117,20713450.17476275,10234058.139534883
4575000,4615073.604051847,4363793.1034482755,40073.60405184701,211206.89655172452
8000000,19419443.865556367,11212958.333333334,11419443.865556367,3212958.333333334
12000000,7486739.312856917,9011400.0,4513260.687143083,2988600.0
15000000,22006503.288805414,22075941.860465117,7006503.288805414,7075941.860465117
6500000,14177266.37430169,10503833.333333334,7677266.374301691,4003833.333333334
13500000,12848165.175574912,10503833.333333334,651834.8244250882,2996166.666666666
7500000,16175347.64847914,7280596.323529412,8675347.64847914,219403.67647058796
11700000,28516501.23781809,46288733.333333336,16816501.23781809,34588733.333333336
3400000,1567970.0507196188,5500000.0,1832029.9492803812,2100000.0
6500000,15581286.558078885,5278346.391752577,9081286.558078885,1221653.6082474226
5500000,4477144.315995038,5747871.917808219,1022855.6840049624,247871.91780821886
8500000,12283254.975566514,8364915.730337079,3783254.975566514,135084.26966292132
9500000,9162693.250804223,13652298.507462686,337306.7491957769,4152298.507462686
8600000,14457442.45471404,10503833.333333334,5857442.454714039,1903833.333333334
21000000,19779411.205029406,20336875.0,1220588.7949705943,663125.0
7000000,17258513.132100794,7280596.323529412,10258513.132100794,280596.32352941204
7000000,13398592.471481562,5124119.5121951215,6398592.471481562,1875880.4878048785
7500000,12258178.585379751,5278346.391752577,4758178.585379751,2221653.6082474226
4575000,4615073.604051847,4363793.1034482755,40073.60405184701,211206.89655172452
6280000,13647969.231398454,8650658.028169014,7367969.231398454,2370658.0281690136
2920000,4315891.260894772,2984000.0,1395891.2608947717,64000.0
28000000,30019883.36757131,25870909.09090909,2019883.3675713092,2129090.90909091
3000000,7279021.390328823,5786548.148148148,4279021.390328823,2786548.1481481483
7800000,10019346.723225035,9011400.0,2219346.723225035,1211400.0
3600000,4615073.604051847,4363793.1034482755,1015073.604051847,763793.1034482755
5900000,10258639.534277158,5786548.148148148,4358639.534277158,113451.85185185168
4275000,4117924.944562122,4565951.923076923,157075.05543787777,290951.923076923
3000000,4271651.953779031,2404055.5555555555,1271651.9537790306,595944.4444444445
5500000,4477144.315995038,5747871.917808219,1022855.6840049624,247871.91780821886
3500000,26632585.201265417,46288733.333333336,23132585.201265417,42788733.333333336
10000000,19293879.04222956,7280596.323529412,9293879.04222956,2719403.676470588
5510000,10136832.61004874,5786548.148148148,4626832.610048739,276548.1481481483
5592000,9887204.93060422,5794000.0,4295204.930604219,202000.0
2503800,10366004.760288494,5124119.5121951215,7862204.760288494,2620319.5121951215
8695000,17464465.61776286,8650658.028169014,8769465.61776286,44341.97183098644
8850000,11517071.163859718,15550000.0,2667071.1638597175,6700000.0
3850000,5264502.072570855,3455040.0,1414502.0725708548,394960.0
11500000,9764022.451333687,10354388.888888888,1735977.5486663133,1145611.111111112
7000000,6867499.792538242,10131600.0,132500.20746175759,3131600.0
363200000,43566334.63249144,363200000.0,319633665.36750853,0.0
5925000,6253126.762952969,7423370.37037037,328126.7629529694,1498370.3703703703
10419000,12884089.411012081,7814270.9677419355,2465089.4110120814,2604729.0322580645
7625000,7065250.613539149,7594594.594594595,559749.386460851,30405.405405404978
13000000,27858053.079190545,12418222.222222222,14858053.079190545,581777.777777778
6850000,15022104.982928291,6390304.966887417,8172104.982928291,459695.03311258275
9900000,14800845.90676511,3814605.0,4900845.906765111,6085395.0
5000000,9137886.64863089,5786548.148148148,4137886.648630889,786548.1481481483
300000000,29996203.858832024,300000000.0,270003796.141168,0.0
5852000,5473657.846721068,8741246.551724138,378342.153278932,2889246.5517241377
4575000,4615073.604051847,4363793.1034482755,40073.60405184701,211206.89655172452
25000000,11162055.586200599,23758333.333333332,13837944.413799401,1241666.666666668
4112000,6587859.85321563,5278346.391752577,2475859.85321563,1166346.3917525774
10850000,13116546.295337021,12566935.483870968,2266546.2953370214,1716935.4838709682
6000000,13840261.617736412,7423370.37037037,7840261.617736412,1423370.3703703703
8250000,7748373.230035799,7814270.9677419355,501626.7699642014,435729.0322580645
6000000,13696972.092446463,5747871.917808219,7696972.092446463,252128.08219178114
5200000,4791335.207024876,5278346.391752577,408664.792975124,78346.39175257739
2560000,-2233688.3331881016,3222673.076923077,4793688.333188102,662673.076923077
2950000,3368740.122706417,4401707.894736842,418740.122706417,1451707.8947368423
4300000,4604805.951083468,4401707.894736842,304805.9510834683,101707.89473684225
7150000,9440379.987860955,7459825.0,2290379.9878609553,309825.0
5500000,8780984.79446075,4565951.923076923,3280984.7944607493,934048.076923077
35000000,7328255.48010253,35000000.0,27671744.51989747,0.0
4575000,4615073.604051847,4363793.1034482755,40073.60405184701,211206.89655172452
7000000,10828190.926344737,5786548.148148148,3828190.9263447374,1213451.8518518517
5500000,4895194.8786990475,4565951.923076923,604805.1213009525,934048.076923077
23000000,27684280.738890693,8020000.0,4684280.738890693,14980000.0
5000000,5983843.84671466,5124119.5121951215,983843.8467146596,124119.5121951215
9500000,20253481.1883523,10503833.333333334,10753481.188352302,1003833.333333334
4725000,8248038.465486297,5278346.391752577,3523038.4654862974,553346.3917525774
3000000,5291960.236980474,3455040.0,2291960.2369804736,455040.0
6300000,15542182.23268139,10503833.333333334,9242182.23268139,4203833.333333334
7500000,9355304.39725376,7459825.0,1855304.3972537592,40175.0
4575000,4615073.604051847,4363793.1034482755,40073.60405184701,211206.89655172452
7625000,7065250.613539149,7594594.594594595,559749.386460851,30405.405405404978
4960000,4811051.422524653,5278346.391752577,148948.57747534662,318346.3917525774
65000000,28196363.479528375,15646153.846153846,36803636.520471625,49353846.15384615
7326000,2601613.8425315674,6539612.5,4724386.157468433,786387.5
5625000,7065250.613539149,7594594.594594595,1440250.613539149,1969594.594594595
8540000,15568038.784798045,8741246.551724138,7028038.784798045,201246.55172413774
12636000,5862910.1436986225,30900000.0,6773089.8563013775,18264000.0
6192000,12992590.028472757,7814270.9677419355,6800590.028472757,1622270.9677419355
7625000,7065250.613539149,7594594.594594595,559749.386460851,30405.405405404978
7680000,8284298.3771191,8364915.730337079,604298.3771190997,684915.7303370787
7200000,9904658.73716094,7628269.230769231,2704658.7371609397,428269.230769231
3068000,14439179.572044788,3455040.0,11371179.572044788,387040.0
272000000,205732718.6097678,120000000.0,66267281.390232205,152000000.0
7725000,17012565.401978515,7814270.9677419355,9287565.401978515,89270.96774193551
11500000,11275666.411072075,12566935.483870968,224333.58892792463,1066935.4838709682
12500000,21627965.99110009,13652298.507462686,9127965.991100091,1152298.507462686
4320000,-1856083.6552839018,4565951.923076923,6176083.655283902,245951.923076923
11000000,9267478.661507897,7459825.0,1732521.338492103,3540175.0
7800000,16622150.37274573,8741246.551724138,8822150.37274573,941246.5517241377
5500000,3235932.6082536634,4401707.894736842,2264067.3917463366,1098292.1052631577
18000000,9935905.325752977,100000000.0,8064094.674247023,82000000.0
4500000,9168901.215814915,6390304.966887417,4668901.215814915,1890304.9668874172
4950000,18437677.5718849,7628269.230769231,13487677.5718849,2678269.230769231
9264000,4245504.539722282,7628269.230769231,5018495.460277718,1635730.769230769
6000000,11001705.175181676,7459825.0,5001705.175181676,1459825.0
16000000,19642624.806483045,16407812.5,3642624.806483045,407812.5
7000000,13288848.351332983,8650658.028169014,6288848.351332983,1650658.0281690136
5500000,12788887.023176957,5278346.391752577,7288887.023176957,221653.6082474226
12000000,11438307.416096564,15222950.0,561692.5839034356,3222950.0
9275000,13115678.026226336,7280596.323529412,3840678.026226336,1994403.676470588
363200000,43606936.940567575,363200000.0,319593063.05943245,0.0
2950000,4268248.930154745,2404055.5555555555,1318248.9301547445,545944.4444444445
16000000,15080065.288052458,46000000.0,919934.7119475417,30000000.0
7500000,16223691.905465117,7280596.323529412,8723691.905465117,219403.67647058796
14500000,17010933.465404626,12566935.483870968,2510933.465404626,1933064.5161290318
21500000,18265674.307931233,16407812.5,3234325.692068767,5092187.5
9000000,12549196.813933535,5747871.917808219,3549196.8139335345,3252128.082191781
4700000,1970110.3242406026,3222673.076923077,2729889.6757593974,1477326.923076923
7393750,8846196.122169577,6390304.966887417,1452446.1221695766,1003445.0331125828
4575000,4615073.604051847,4363793.1034482755,40073.60405184701,211206.89655172452
6500000,13034885.827041285,7814270.9677419355,6534885.827041285,1314270.9677419355
6950000,10018484.058819875,4565951.923076923,3068484.058819875,2384048.076923077
8500000,14063087.597635126,7814270.9677419355,5563087.597635126,685729.0322580645
29210000,22126033.343255915,29141000.0,7083966.656744085,69000.0
7900000,5296151.095641691,6539612.5,2603848.9043583088,1360387.5
5260000,13295288.335454023,6390304.966887417,8035288.3354540225,1130304.9668874172
2160000,4872630.2690308355,2404055.5555555555,2712630.2690308355,244055.5555555555
9500000,18077986.88555298,10503833.333333334,8577986.88555298,1003833.333333334
9000000,22196615.581921168,13652298.507462686,13196615.581921168,4652298.507462686
5586000,10089658.23013934,5786548.148148148,4503658.230139339,200548.14814814832
6660000,12894036.419264542,7628269.230769231,6234036.419264542,968269.230769231
7000000,13288848.351332983,8650658.028169014,6288848.351332983,1650658.0281690136
4575000,4615073.604051847,4363793.1034482755,40073.60405184701,211206.89655172452
8700000,18665143.345802277,7280596.323529412,9965143.345802277,1419403.676470588
11500000,8784348.561246142,8650658.028169014,2715651.438753858,2849341.9718309864
13500000,18910669.916932806,8364915.730337079,5410669.916932806,5135084.269662921
29095000,21824802.068601504,18250000.0,7270197.931398496,10845000.0
8600000,9125252.975128874,4565951.923076923,525252.9751288742,4034048.076923077
6972000,9680356.33320821,7459825.0,2708356.3332082108,487825.0
5560000,10034741.901320098,5786548.148148148,4474741.901320098,226548.14814814832
5130000,8126231.541257879,5278346.391752577,2996231.5412578788,148346.3917525774
16000000,17566628.393983644,11365166.666666666,1566628.3939836435,4634833.333333334
4000000,5540880.87298553,4565951.923076923,1540880.8729855297,565951.923076923
5000000,19894857.357481364,7280596.323529412,14894857.357481364,2280596.323529412
4900000,13801228.487487508,5786548.148148148,8901228.487487508,886548.1481481483
5500000,22017757.701803744,7280596.323529412,16517757.701803744,1780596.323529412
7625000,7065250.613539149,7594594.594594595,559749.386460851,30405.405405404978
4575000,4615073.604051847,4363793.1034482755,40073.60405184701,211206.89655172452
4320000,-864107.6868062019,4955925.925925926,5184107.686806202,635925.9259259263
5000000,5171847.840648652,5000000.0,171847.84064865205,0.0
72000000,20876328.001721203,24500000.0,51123671.9982788,47500000.0
7625000,7065250.613539149,7594594.594594595,559749.386460851,30405.405405404978
5500000,16053540.72425072,7280596.323529412,10553540.72425072,1780596.323529412
6500000,11711951.672471212,5794000.0,5211951.672471212,706000.0
11500000,16786495.092277747,8741246.551724138,5286495.092277747,2758753.4482758623
29300000,26006265.939073756,46288733.333333336,3293734.0609262437,16988733.333333336
11000000,12776152.660918439,12566935.483870968,1776152.6609184388,1566935.4838709682
8800000,16512860.947530966,7423370.37037037,7712860.947530966,1376629.6296296297
8500000,23206226.019422945,15646153.846153846,14706226.019422945,7146153.846153846
5000000,15425336.045537453,5747871.917808219,10425336.045537453,747871.9178082189
6800000,14158787.964772807,5786548.148148148,7358787.964772807,1013451.8518518517
6500000,15035292.022779707,4565951.923076923,8535292.022779707,1934048.076923077
4424000,9855846.557454828,2935000.0,5431846.557454828,1489000.0
2000000,3533802.076584421,3626923.076923077,1533802.076584421,1626923.076923077
4950000,14484198.189183703,5747871.917808219,9534198.189183703,797871.9178082189
5594400,18537466.275986552,6539612.5,12943066.275986552,945212.5
11296200,10981935.539318621,10354388.888888888,314264.46068137884,941811.1111111119
5207500,6352498.423833144,4565951.923076923,1144998.423833144,641548.076923077
2600000,12180179.78202145,2935000.0,9580179.78202145,335000.0
8000000,20037550.37428614,7280596.323529412,12037550.374286141,719403.676470588
19062500,16253414.399116527,15520833.333333334,2809085.6008834727,3541666.666666666
2184000,4244427.764784727,2404055.5555555555,2060427.7647847272,220055.5555555555
7750000,14787042.714191927,7814270.9677419355,7037042.714191927,64270.967741935514
10000000,14749642.55689192,15000000.0,4749642.55689192,5000000.0
6000000,6495102.68109403,5418545.454545454,495102.6810940299,581454.5454545459
6300000,17418169.075599615,6390304.966887417,11118169.075599615,90304.96688741725
57800000,16272670.087252695,40637250.0,41527329.91274731,17162750.0
5000000,17263867.4693178,7280596.323529412,12263867.469317801,2280596.323529412
13300000,13273078.391881205,8650658.028169014,26921.60811879486,4649341.971830986
5800000,11602816.636625094,6471447.368421053,5802816.636625094,671447.3684210526
8500000,21465556.758795533,13652298.507462686,12965556.758795533,5152298.507462686
7625000,7065250.613539149,7594594.594594595,559749.386460851,30405.405405404978
8500000,12495943.952084508,10503833.333333334,3995943.952084508,2003833.333333334
4000000,11436232.879212046,4401707.894736842,7436232.879212046,401707.89473684225
4275000,8983186.602976965,5124119.5121951215,4708186.602976965,849119.5121951215
5250000,9928014.607985666,5278346.391752577,4678014.607985666,28346.391752577387
9075000,12880218.543646572,10354388.888888888,3805218.543646572,1279388.888888888
27570000,19067903.351556905,10000000.0,8502096.648443095,17570000.0
120000000,16118188.919632182,19937500.0,103881811.08036782,100062500.0
5625000,7065250.613539149,7594594.594594595,1440250.613539149,1969594.594594595
47000000,17013758.507228944,21123500.0,29986241.492771056,25876500.0
3800000,2270658.692141596,3800000.0,1529341.3078584038,0.0
4330000,8480769.056174144,3927813.524590164,4150769.056174144,402186.47540983604
4427000,17411058.919881873,5278346.391752577,12984058.919881873,851346.3917525774
8000000,15542516.107615884,8741246.551724138,7542516.107615884,741246.5517241377
65000000,26860880.908149917,80000000.0,38139119.09185009,15000000.0
4000000,15803689.481808133,4565951.923076923,11803689.481808133,565951.923076923
4940000,7199099.484513316,7459825.0,2259099.4845133163,2519825.0
11000000,11250479.597008325,7280596.323529412,250479.59700832516,3719403.676470588
11000000,9145671.737279482,7459825.0,1854328.2627205178,3540175.0
3850000,5183297.456418578,3927813.524590164,1333297.4564185776,77813.52459016396
7500000,12210856.071572823,7459825.0,4710856.071572823,40175.0
2472600,10482506.770009939,5124119.5121951215,8009906.770009939,2651519.5121951215
60000000,89775963.98451988,60000000.0,29775963.984519884,0.0
3000000,4615073.604051847,4363793.1034482755,1615073.604051847,1363793.1034482755
39000000,29283464.29236166,24651153.846153848,9716535.707638338,14348846.153846152
15250000,13190693.1372574,14666666.666666666,2059306.862742599,583333.333333334
22920000,11386866.52789786,22075941.860465117,11533133.47210214,844058.1395348832
4000000,8572516.776168464,4401707.894736842,4572516.776168464,401707.89473684225
8562500,8813335.763003279,6390304.966887417,250835.76300327852,2172195.0331125828
5200000,4669528.282796457,5278346.391752577,530471.7172035426,78346.39175257739
29500000,16044614.975170702,30109285.714285713,13455385.024829298,609285.7142857127
14500000,17010933.465404626,12566935.483870968,2510933.465404626,1933064.5161290318
8000000,13249510.290786741,10354388.888888888,5249510.290786741,2354388.888888888
25000000,23859294.88915945,25870909.09090909,1140705.1108405516,870909.0909090899
19000000,13518146.608756386,16322500.0,5481853.391243614,2677500.0
4900000,9115830.67897795,5278346.391752577,4215830.67897795,378346.3917525774
5000000,14242472.974886753,5794000.0,9242472.974886753,794000.0
8250000,13413442.59335153,12566935.483870968,5163442.59335153,4316935.483870968
28000000,10578803.823378248,29000000.0,17421196.17662175,1000000.0
8200000,13174783.376014406,12442396.875,4974783.376014406,4242396.875
10500000,16270755.615224842,13652298.507462686,5770755.615224842,3152298.507462686
3500000,5754938.958570884,4565951.923076923,2254938.9585708836,1065951.923076923
20000000,14145104.059543444,24651153.846153848,5854895.940456556,4651153.846153848
6961000,15672653.258859288,5786548.148148148,8711653.258859288,1174451.8518518517
14662500,13118390.51057469,16407812.5,1544109.4894253109,1745312.5
4375000,5208820.133600736,3927813.524590164,833820.133600736,447186.47540983604
4575000,4615073.604051847,4363793.1034482755,40073.60405184701,211206.89655172452
6000000,16075429.616494212,6390304.966887417,10075429.616494212,390304.96688741725
7500000,6447460.350353998,4017959.302325581,1052539.6496460019,3482040.697674419
